system,wav_dir,num_files_total,num_files_valid,p808_mos_mean,p808_mos_std,mos_sig_mean,mos_sig_std,mos_bak_mean,mos_bak_std,mos_ovr_mean,mos_ovr_std
copy_baseline,E:\Working\deep-learning\speech_prediction_project\generated\copy_baseline\pred,644,644,2.929971190713207,0.3136455091220134,3.0516724288985433,0.44543702831146886,3.2188894810309554,0.6358242871235419,2.4801417075209864,0.43169227931920956
encodec_oracle,E:\Working\deep-learning\speech_prediction_project\generated\encodec_oracle\pred,644,644,2.796189226719163,0.23430497238905576,2.6147719026120564,0.5534344365598282,2.9061084430947024,0.726209117342762,2.0712311748594896,0.4660587963930468
encodec_small,E:\Working\deep-learning\speech_prediction_project\generated\encodec_small\pred,644,644,2.358178590765651,0.1365673578828405,1.872837541309337,0.549942673948769,2.040465040457599,0.812696858938518,1.4851777855967039,0.31501113067240827
encodec_topk20,E:\Working\deep-learning\speech_prediction_project\generated\encodec_topk20\pred,644,644,2.44579943033479,0.19985714369102556,2.0148866631939244,0.5146201681858205,2.4129423476374994,0.8317322032113653,1.6184211125432493,0.3639173935420035
