system,file,num_rows,num_ok,num_error,stoi_mean,stoi_std,stoi_median,stoi_valid_count,pesq_mean,pesq_std,pesq_median,pesq_valid_count,dnsmos_sig_mean,dnsmos_sig_std,dnsmos_sig_median,dnsmos_sig_valid_count,dnsmos_bak_mean,dnsmos_bak_std,dnsmos_bak_median,dnsmos_bak_valid_count,dnsmos_ovrl_mean,dnsmos_ovrl_std,dnsmos_ovrl_median,dnsmos_ovrl_valid_count
Copy baseline,outputs\copy_baseline_results.csv,644,644,0,0.13708409757084297,0.14940861869621966,0.13122882797695165,644,1.0531656005367729,0.0584043361463774,1.0384944677352905,644,,,,0,,,,0,,,,0
EnCodec oracle,outputs\encodec_oracle_results.csv,644,644,0,0.9101189329379848,0.06951145032452097,0.9277555631428216,644,2.5057239819387473,0.4112862225178145,2.488974094390869,644,,,,0,,,,0,,,,0
EnCodec debug,outputs\encodec_debug_results.csv,20,20,0,0.29033523705493636,0.13437527791527976,0.27210312960894745,20,1.0755568325519562,0.043734257725199475,1.0635766983032227,20,,,,0,,,,0,,,,0
EnCodec small,outputs\encodec_small_results.csv,644,644,0,0.3506506825906483,0.1339723050917031,0.37374558348399667,644,1.1083880492619105,0.12607458980619257,1.065345585346222,644,,,,0,,,,0,,,,0
EnCodec top-k20,outputs\encodec_topk20_results.csv,644,644,0,0.203996640806126,0.1593951836222931,0.211484569139154,644,1.0862229399799561,0.14234011868786214,1.0470614433288574,644,,,,0,,,,0,,,,0
EnCodec small eval,outputs\eval_encodec_small.csv,644,644,0,0.3506506825906483,0.1339723050917031,0.37374558348399667,644,1.1083880492619105,0.12607458980619257,1.065345585346222,644,,,,0,,,,0,,,,0
